<?xml version="1.0" encoding="iso-8859-1"?>
<install type="module" version="1.5.0">
    <name>Yt Module Tabs</name>
    <creationDate>August 2010</creationDate>
    <author>The YouTech Company</author>
    <copyright>Copyright (C) 2009 - 2010 The YouTech Company</copyright>
	<license>http://www.gnu.org/licenses/gpl-2.0.html GNU/GPL</license>
    <authorEmail>contact@ytcvn.com</authorEmail>
    <authorUrl>http://joomla.ytcvn.com</authorUrl>
    <version>1.0</version>
    <description>YT_MODULETABS_DESC</description>
    <files>
         <filename module="mod_yt_moduletabs">mod_yt_moduletabs.php</filename>
         <filename module="mod_yt_moduletabs">mod_yt_moduletabs.xml</filename>
         <folder module="mod_yt_moduletabs">assets</folder>
         <folder module="mod_yt_moduletabs">tmpl</folder>    
		 <folder module="mod_yt_moduletabs">elements</folder>     
    </files>
	<languages>
		<language tag="en-GB">en-GB.mod_yt_moduletabs.ini</language>
	</languages>	   
   <params addpath="/modules/mod_yt_moduletabs/elements">
   	 <param name="@spacer1" type="spacer" default="&lt;div style=&quot;font-family:arial;font-size:15px;color:#fff; text-shadow:1px 1px 1px #333;padding:7px;margin:0;background:#0D9FC4;&quot;&gt;General Settings&lt;/div&gt;" />
   	 <param name="position" type="position" default="" label="Select a position" description="SELECT A POSITION DESC" />
	 <param name="height" type="text" size="40" default="300" description="HEIGHT DESCRIPTION" />
   </params>
   
   
</install>

