<?xml version="1.0" encoding="utf-8"?>
<extension type="module" version="2.5" client="site" method="upgrade">
	<name>Sj Module Tabs</name>
	<creationDate>November 2012</creationDate>
	<author>YouTech Company</author>
	<copyright>Copyright (c) 2009-2012 YouTech Company</copyright>
	<license>http://www.gnu.org/licenses/gpl-2.0.html GNU/GPL</license>
	<authorEmail>contact@ytcvn.com</authorEmail>
	<authorUrl>http://www.smartaddons.com</authorUrl>
	<version>1.0</version>
	<description>SJ_XML_DESCRIPTION</description>
	<files>
		<filename module="mod_sj_moduletabs">mod_sj_moduletabs.php</filename>
		<filename>index.html</filename>
		<folder>assets</folder>
		<folder>core</folder>
		<folder>language</folder>
		<folder>tmpl</folder>
	</files>
	<languages />
	<config>
		<fields name="params">
			<fieldset name="basic" addfieldpath="/modules/mod_sj_moduletabs/core/field">
				<field name="position" type="position" default="" label="Select a position" description="Position name and (number) is number of modules in that position" />
				<field name="nb_module" type="text" default="" label="Module limitation" description="Maximum number of modules, blank is unlimited" />
				<field name="tab_position" type="radio" class="btn-group" default="top" label="Tabs position" description="Tabs position">
					<option value="top">Top</option>
					<option value="bottom">Bottom</option>
				</field>

			</fieldset>
			<fieldset name="advanced">
			    <field name="moduleclass_sfx" type="text" default="" label="Module Class Suffix" description="fieldMODULECLASSSUFFIX" />
			    <field name="layout" type="modulelayout" default="basic" class="btn-group" label="JFIELD_ALT_LAYOUT_LABEL" description="JFIELD_ALT_MODULE_LAYOUT_DESC" />
				<field name="include_jquery" type="radio" default="0" class="btn-group" label="Include jQuery" description="select Yes if you want use for joomla 2.5">
					<option value="0">No</option>
					<option value="1">Yes</option>
				</field>
<!--                 <field name="load_by_ajax" type="radio" default="0" class="btn-group" label="Load by Ajax" description="Using ajax to load module"> -->
<!--                     <option value="0">No</option> -->
<!--                     <option value="1">Yes</option> -->
<!--                 </field>	 -->
                <field name="owncache" type="list" default="1" label="COM_MODULES_FIELD_CACHING_LABEL" description="COM_MODULES_FIELD_CACHING_DESC">
                    <option value="1">JGLOBAL_USE_GLOBAL</option>
                    <option value="0">COM_MODULES_FIELD_VALUE_NOCACHING</option>
                </field>
                <field name="cache_time" type="text" default="900" label="COM_MODULES_FIELD_CACHE_TIME_LABEL" description="COM_MODULES_FIELD_CACHE_TIME_DESC" />                			
			</fieldset>
		</fields>
	</config>
</extension>
