<?xml version="1.0" encoding="utf-8"?>
<extension type="module" version="1.7.0" client="site" method="upgrade">
	<name>SJ Basic News</name>
	<creationDate>Dec 2011</creationDate>
	<author>YouTech Company</author>
	<copyright>Copyright (c) 2012 YouTech Company</copyright>
	<license>http://www.gnu.org/licenses/gpl-2.0.html GNU/GPL</license>
	<authorEmail>contact@ytcvn.com</authorEmail>
	<authorUrl>http://www.smartaddons.com</authorUrl>
	<version>2.5</version>
	<description>SJ_XML_DESCRIPTION</description>
	<files>
		<filename module="mod_sj_basic_news">mod_sj_basic_news.php</filename>
		<filename>index.html</filename>
		<folder>assets</folder>
		<folder>core</folder>
		<folder>tmpl</folder>
	</files>
	<languages folder="language/en-GB">
		<language tag="en-GB">en-GB.mod_sj_basic_news.ini</language>
		<language tag="en-GB">en-GB.mod_sj_basic_news.sys.ini</language>
	</languages>
	<config>
		<fields name="params">
			<fieldset name="general_settings" label="General Setting" addfieldpath="/modules/mod_sj_basic_news/core/elements">
				<field name="moduleclass_sfx" type="text" default="" label="Module Class Suffix" description="fieldMODULECLASSSUFFIX" />
				<field name="source" type="sjcontentcategories" multiple="multiple" default="" label="Data Source" description="Select category" />
				<field name="source_order_by" type="list" default="created" label="Sort Order By" description="Sort order type">
					<option value="created">Recently Added</option>
					<option value="hits">Most Views</option>
					<option value="modified">Recently Modified</option>
					<option value="ordering">Ordering</option>
					<option value="title">Title</option>
					<option value="random">Random</option>
				</field>
				<field name="source_filter" type="list" default="0" label="Source Filter" description="Frontpage filter type">
					<option value="0">All Articles</option>
					<option value="1">None Frontpage</option>
					<option value="2">Only Frontpage</option>
				</field>
				<field name="source_limit" type="text" default="20" label="Item Count" description="The amount of Items which you want to show in the module" />
			</fieldset>
			<fieldset name="Content Options" label="Content Options">
				<field name="item_date_display" type="list" default="1" label="Show date" description="">
					<option value="1">Yes</option>
					<option value="0">No</option>
				</field>
				<field name="item_desc_display" type="list" default="1" label="Show Description" description="">
					<option value="1">Yes</option>
					<option value="0">No</option>
				</field>
				<field name="cat_title_display" type="list" default="1" label="Show category title" description="">
					<option value="1">Yes</option>
					<option value="0">No</option>
				</field>
				<field name="item_title_max_characs" type="text" default="-1" label="Article Title Max Chars" description="Shorten Title of articles by length, -1 to unlimit length." />
				<field name="item_desc_max_characs" type="text" default="-1" label="Article Description Max Chars" description="Shorten description of articles by length, -1 to unlimit length." />
				<field name="item_desc_keephtml" type="radio" default="1" label="Keep HTML" description="Strip html tag in description or keep them.">
					<option value="1">Yes</option>
					<option value="0">No</option>
				</field>
				<field name="item_link_target" type="list" default="_self" label="Open Link" description="The Type shows when you click on the link">
					<option value="_blank">New Window</option>
					<option value="_self">Same Window</option>
				</field>
				<field name="showline" type="list" default="0" label="Show line bottom" description="">
					<option value="0">No</option>
					<option value="1">Yes</option>
				</field>
				<field name="custom_url" type="textarea" default="" label="Custom Url" description="Custom Url" cols="36" rows="4" filter="raw" />
			</fieldset>
			<fieldset name="Images Options" label="Images Options" addfieldpath="/modules/mod_sj_basic_news/core/elements">
				<field name="item_image_display" type="list" default="1" label="Show Image" description="">
					<option value="1">Yes</option>
					<option value="0">No</option>
				</field>
				<field name="item_image_width" type="text" default="150" label="Image width" description="Image width" />
				<field name="item_image_height" type="text" default="150" label="Image height" description="Image height" />
				<field name="item_image_background" type="text" default="#FFFFFF" label="Image background" description="Image background" />
				<field name="item_image_function" type="sjthumbnailmode" label="Image mode">
					<option value="none">None</option>
					<option value="center">Center</option>
					<option value="fill">Fill</option>
					<option value="fit">Fit</option>
					<option value="stretch">Stretch</option>
				</field>
			</fieldset>
			<fieldset name="advanced">
				<field name="include_jquery" type="radio" default="1" label="Include jQuery" description="Do you want include jQuery library?">
					<option value="0">No</option>
					<option value="1">Yes</option>
				</field>
				<field name="pretext" type="textarea" default="" label="Pre-text" description="Intro text of module" cols="40" rows="4" filter="raw" />
				<field name="posttext" type="textarea" default="" label="Post-text" description="Footer text of module" cols="40" rows="4" filter="raw" />
				<field name="owncache" type="list" default="1" label="COM_MODULES_FIELD_CACHING_LABEL" description="COM_MODULES_FIELD_CACHING_DESC">
					<option value="1">JGLOBAL_USE_GLOBAL</option>
					<option value="0">COM_MODULES_FIELD_VALUE_NOCACHING</option>
				</field>
				<field name="cache_time" type="text" default="900" label="COM_MODULES_FIELD_CACHE_TIME_LABEL" description="COM_MODULES_FIELD_CACHE_TIME_DESC" />
			</fieldset>
		</fields>
	</config>
</extension>
